{
  "version": 1,
  "author": "Uri Shaked",
  "editor": "wokwi",
  "parts": [
    { "type": "wokwi-esp32-devkit-v1", "id": "esp", "top": 0, "left": 0, "attrs": {} },
    {
      "type": "wokwi-led",
      "id": "led1",
      "top": -3.33,
      "left": 153.33,
      "attrs": { "color": "red" }
    },
    {
      "type": "wokwi-resistor",
      "id": "r1",
      "top": 62.4,
      "left": 153.05,
      "rotate": 90,
      "attrs": { "value": "1000" }
    },
    {
      "type": "wokwi-led",
      "id": "led2",
      "top": -47.9,
      "left": 118.36,
      "attrs": { "color": "red" }
    },
    {
      "type": "wokwi-resistor",
      "id": "r2",
      "top": 33.6,
      "left": 114.65,
      "rotate": 90,
      "attrs": { "value": "470" }
    }
  ],
  "connections": [
    [ "esp:TX0", "$serialMonitor:RX", "", [] ],
    [ "esp:RX0", "$serialMonitor:TX", "", [] ],
    [ "esp:GND.1", "led1:C", "black", [ "h0" ] ],
    [ "led1:A", "r1:1", "green", [ "v0" ] ],
    [ "r1:2", "esp:D2", "green", [ "h0", "v38" ] ],
    [ "led2:A", "r2:1", "green", [ "v0" ] ],
    [ "r2:2", "esp:D4", "green", [ "h-0.82", "v41.5" ] ],
    [ "led2:C", "esp:GND.1", "black", [ "v0" ] ]
  ],
  "dependencies": {}
}